[
  {
    "httpRequest": {
      "method": "POST",
      "path": "/api/oauth/token"
    },
    "httpResponse": {
      "headers": {
        "Content-Type": [
          "application/json"
        ]
      },
      "body": {
        "access_token": "eyJhbGciOiJub25lIn0.eyJieV9yZWFsbSI6InN0YXJ0ZXJfc2VydmljZV9wZXJmdGVzdCIsInN1YiI6InBlcmZ0ZXN0IiwiYnlfcmVhbG1faWQiOiJzdGFydGVyX3NlcnZpY2VfcGVyZnRlc3QifQ.",
        "scope": "upload",
        "token_type": "bearer",
        "expires_in": 9999
      }
    }
  },
  {
    "httpRequest": {
      "method": "POST",
      "path": "/rbac/searchPermissions"
    },
    "httpResponse": {
      "headers": {
        "Content-Type": [
          "application/json"
        ]
      },
      "body": {
        "permissions": ["by.ldf.starter.view", "by.ldf.starter.manage"],
        "policies": ["{\"@type\":\"FaaS-Data-Policy\",\"site\":\"FC1\"}"]
      }
    }
  },
  {
    "httpRequest": {
      "method": "POST",
      "path": "/dp/ingestion/v1/locations"
    },
    "httpResponse": {
      "headers": {
        "Content-Type": [
          "application/json"
        ]
      },
      "body": {
        "ingestionId": "349e6a73-a79d-4523-9b27-356ca0970051-dpingestion-20220513071212884-UURVW",
        "statusLink": "/api/v1/ingestion/status/349e6a73-a79d-4523-9b27-356ca0970051-dpingestion-20220513071212884-UURVW",
        "downloadLink": null,
        "errorMessage": null
      }
    }
  },
  {
    "httpRequest": {
      "method": "POST",
      "path": "/dp/ingestion/v1/parties"
    },
    "httpResponse": {
      "headers": {
        "Content-Type": [
          "application/json"
        ]
      },
      "body": {
        "ingestionId": "349e6a73-a79d-4523-9b27-356ca0970051-dpingestion-20220513063119167-RfGw1",
        "statusLink": "/api/v1/ingestion/status/349e6a73-a79d-4523-9b27-356ca0970051-dpingestion-20220513063119167-RfGw1",
        "downloadLink": null,
        "errorMessage": null
      }
    }
  },
  {
    "httpRequest": {
      "method": "GET",
      "path": "/dp/ingestion/v1/status/349e6a73-a79d-4523-9b27-356ca0970051-dpingestion-20220513063119167-RfGw1"
    },
    "httpResponse": {
      "headers": {
        "Content-Type": [
          "application/json"
        ]
      },
      "body": {
        "id": "349e6a73-a79d-4523-9b27-356ca0970051-dpingestion-20220513063119167-RfGw1",
        "user": "596d2238-5474-4407-a05d-394dbc1dbfad",
        "tid": "349e6a73-a79d-4523-9b27-356ca0970051",
        "objectType": "parties",
        "numBytes": 42239,
        "operationType": "Upload",
        "requestedOn": "2022-05-13T06:31:19.000+0000",
        "completedOn": "2022-05-13T06:31:20.000+0000",
        "events": [
          {
            "status": "ACCEPTING",
            "eventTime": "2022-05-13T06:31:19.000+0000",
            "description": "Upload request has been accepted.",
            "component": "dct",
            "service": "ingest"
          },
          {
            "status": "QUEUED",
            "eventTime": "2022-05-13T06:31:19.000+0000",
            "description": "Upload has been queued for processing.",
            "component": "dct",
            "service": "ingest"
          },
          {
            "status": "ACCEPTING",
            "eventTime": "2022-05-13T06:31:19.000+0000",
            "description": "Data process: request has been accepted.",
            "component": "dataprocessor",
            "service": "consume"
          },
          {
            "status": "COMPLETED_WITH_ERROR",
            "eventTime": "2022-05-13T06:31:19.000+0000",
            "description": "Validation: request has been validated.",
            "component": "dataprocessor",
            "service": "validator",
            "errors": [
              {
                "errorMessage": "Validation failed for primaryId . Error: $[0].partyId: is missing but it is required"
              },
              {
                "errorMessage": "Validation failed for primaryId . Error: $[0].planningDetails: is not defined in the schema and the schema does not allow additional properties"
              },
              {
                "errorMessage": "Validation failed for primaryId . Error: $[0].logisticDetails: is not defined in the schema and the schema does not allow additional properties"
              },
              {
                "errorMessage": "Validation failed for primaryId . Error: $[0].manufacturingModelInformation: is not defined in the schema and the schema does not allow additional properties"
              },
              {
                "errorMessage": "Validation failed for primaryId . Error: $[0].distributionCenterDetails: is not defined in the schema and the schema does not allow additional properties"
              },
              {
                "errorMessage": "Validation failed for primaryId . Error: $[0].despatchAdviceRestrictionCode: is not defined in the schema and the schema does not allow additional properties"
              },
              {
                "errorMessage": "Validation failed for primaryId . Error: $[0].measures: is not defined in the schema and the schema does not allow additional properties"
              },
              {
                "errorMessage": "Validation failed for primaryId . Error: $[0].locationId: is not defined in the schema and the schema does not allow additional properties"
              },
              {
                "errorMessage": "Validation failed for primaryId . Error: $[0].locationHierarchyInformation: is not defined in the schema and the schema does not allow additional properties"
              },
              {
                "errorMessage": "Validation failed for primaryId . Error: $[0].requiresTransportPlanning: is not defined in the schema and the schema does not allow additional properties"
              },
              {
                "errorMessage": "Validation failed for primaryId . Error: $[0].basicLocation: is not defined in the schema and the schema does not allow additional properties"
              },
              {
                "errorMessage": "Validation failed for primaryId . Error: $[0].parentParty: is not defined in the schema and the schema does not allow additional properties"
              },
              {
                "errorMessage": "Validation failed for primaryId . Error: $[0].retailDetails: is not defined in the schema and the schema does not allow additional properties"
              },
              {
                "errorMessage": "Validation failed for primaryId . Error: $[0]: should not be valid to the schema \"not\" : {\"required\":[\"avpList\"]}"
              },
              {
                "errorMessage": "Validation failed for primaryId . Error: $[0]: should not be valid to the schema \"not\" : {\"required\":[\"extensions\"]}"
              },
              {
                "errorMessage": "Validation failed for primaryId . Error: $[0].partyId: is missing but it is required"
              },
              {
                "errorMessage": "Validation failed for primaryId . Error: $[0].planningDetails: is not defined in the schema and the schema does not allow additional properties"
              },
              {
                "errorMessage": "Validation failed for primaryId . Error: $[0].logisticDetails: is not defined in the schema and the schema does not allow additional properties"
              },
              {
                "errorMessage": "Validation failed for primaryId . Error: $[0].manufacturingModelInformation: is not defined in the schema and the schema does not allow additional properties"
              },
              {
                "errorMessage": "Validation failed for primaryId . Error: $[0].distributionCenterDetails: is not defined in the schema and the schema does not allow additional properties"
              },
              {
                "errorMessage": "Validation failed for primaryId . Error: $[0].despatchAdviceRestrictionCode: is not defined in the schema and the schema does not allow additional properties"
              },
              {
                "errorMessage": "Validation failed for primaryId . Error: $[0].measures: is not defined in the schema and the schema does not allow additional properties"
              },
              {
                "errorMessage": "Validation failed for primaryId . Error: $[0].locationId: is not defined in the schema and the schema does not allow additional properties"
              },
              {
                "errorMessage": "Validation failed for primaryId . Error: $[0].locationHierarchyInformation: is not defined in the schema and the schema does not allow additional properties"
              },
              {
                "errorMessage": "Validation failed for primaryId . Error: $[0].requiresTransportPlanning: is not defined in the schema and the schema does not allow additional properties"
              },
              {
                "errorMessage": "Validation failed for primaryId . Error: $[0].basicLocation: is not defined in the schema and the schema does not allow additional properties"
              },
              {
                "errorMessage": "Validation failed for primaryId . Error: $[0].parentParty: is not defined in the schema and the schema does not allow additional properties"
              },
              {
                "errorMessage": "Validation failed for primaryId . Error: $[0].retailDetails: is not defined in the schema and the schema does not allow additional properties"
              },
              {
                "errorMessage": "Validation failed for primaryId . Error: $[0]: should not be valid to the schema \"not\" : {\"required\":[\"avpList\"]}"
              },
              {
                "errorMessage": "Validation failed for primaryId . Error: $[0]: should not be valid to the schema \"not\" : {\"required\":[\"extensions\"]}"
              }
            ]
          },
          {
            "status": "COMPLETED_WITH_ERROR",
            "eventTime": "2022-05-13T06:31:20.000+0000",
            "description": "Data process: request has been failed.",
            "component": "dataprocessor",
            "service": "consume"
          }
        ]
      }
    }
  },
  {
    "httpRequest": {
      "method": "GET",
      "path": "/dp/ingestion/v1/status/349e6a73-a79d-4523-9b27-356ca0970051-dpingestion-20220513071212884-UURVW"
    },
    "httpResponse": {
      "headers": {
        "Content-Type": [
          "application/json"
        ]
      },
      "body": {
        "id": "349e6a73-a79d-4523-9b27-356ca0970051-dpingestion-20220513071212884-UURVW",
        "user": "596d2238-5474-4407-a05d-394dbc1dbfad",
        "tid": "349e6a73-a79d-4523-9b27-356ca0970051",
        "objectType": "locations",
        "numBytes": 496,
        "operationType": "Upload",
        "requestedOn": "2022-05-13T07:12:13.000+0000",
        "completedOn": "2022-05-13T07:12:13.000+0000",
        "events": [
          {
            "status": "ACCEPTING",
            "eventTime": "2022-05-13T07:12:13.000+0000",
            "description": "Upload request has been accepted.",
            "component": "dct",
            "service": "ingest"
          },
          {
            "status": "QUEUED",
            "eventTime": "2022-05-13T07:12:13.000+0000",
            "description": "Upload has been queued for processing.",
            "component": "dct",
            "service": "ingest"
          },
          {
            "status": "ACCEPTING",
            "eventTime": "2022-05-13T07:12:13.000+0000",
            "description": "Csv To Stream: request has been accepted.",
            "component": "csvtostream",
            "service": "consume"
          },
          {
            "status": "QUEUED",
            "eventTime": "2022-05-13T07:12:13.000+0000",
            "description": "Csv To Stream: request has been accepted.",
            "component": "csvtostream",
            "service": "consume"
          },
          {
            "status": "PROCESSING",
            "eventTime": "2022-05-13T07:12:13.000+0000",
            "description": "Csv To Stream: request has been accepted.",
            "component": "csvtostream",
            "service": "consume"
          },
          {
            "status": "COMPLETED_WITH_ERROR",
            "eventTime": "2022-05-13T07:12:13.000+0000",
            "description": "Csv To Stream: request has been completed.",
            "component": "csvtostream",
            "service": "consume",
            "errors": [
              {
                "errorMessage": "Error occurred while processing CSV message: null "
              }
            ]
          }
        ]
      }
    }
  }
]