<?xml version="1.0" encoding="UTF-8"?>
<configuration>
    <include resource="org/springframework/boot/logging/logback/defaults.xml"/>
    <property name="LOG_FILE" value="${LOG_FILE:-${LOG_PATH:-${LOG_TEMP:-${java.io.tmpdir:-/tmp}}}/spring.log}"/>
    <include resource="org/springframework/boot/logging/logback/file-appender.xml"/>

    <springProfile name="prod">
        <include resource="co/elastic/logging/logback/boot/ecs-file-appender.xml"/>
        <appender name="ECS_JSON_FILE" class="ch.qos.logback.core.ConsoleAppender">
            <encoder class="co.elastic.logging.logback.EcsEncoder"/>
        </appender>
        <root level="INFO">
            <appender-ref ref="ECS_JSON_FILE"/>
            <appender-ref ref="FILE"/>
        </root>
    </springProfile>

    <springProfile name="!prod">
        <include resource="org/springframework/boot/logging/logback/console-appender.xml"/>
        <root level="INFO">
            <appender-ref ref="CONSOLE"/>
            <appender-ref ref="FILE"/>
        </root>
    </springProfile>
</configuration>
