[
  {
    "operation": "shift",
    "spec": {
      "shipmentId": "shipmentId",
      "legUUID": "legUUID",
      "currentDateTime": "currentDateTime",
      "customerId": "buyerId",
      "freightTerms": "freightTerms",
      "billTo": "billToId",
      "shipmentType": "shipmentType",
      "requiredCarrier": "requiredCarrierId",
      "requiredService": "requiredServiceLevelCode",
      "originLocation": "shipFrom.locationId",
      "originCountryCode": "shipFrom.address.countryCode",
      "originState": "shipFrom.address.state",
      "originCity": "shipFrom.address.city",
      "originStreetAddressOne": "shipFrom.address.streetAddressOne",
      "originStreetAddressTwo": "shipFrom.address.streetAddressTwo",
      "originStreetAddressThree": "shipFrom.address.streetAddressThree",
      "originPostalCode": "shipFrom.address.postalCode",
      "originLatitude": "shipFrom.address.geographicalCoordinates.latitude",
      "originLongitude": "shipFrom.address.geographicalCoordinates.longitude",
      "originEmail": "shipFrom.primaryContact.email",
      "originTelefax": "shipFrom.primaryContact.fax",
      "originTelephone": "shipFrom.primaryContact.phone",
      "originWebsite": "shipFrom.primaryContact.webSite",
      "originContactName": "shipFrom.primaryContact.personName",
      "originCompanyName": "shipFrom.primaryContact.companyName",
      "destinationLocation": "shipTo.locationId",
      "destinationCountryCode": "shipTo.address.countryCode",
      "destinationState": "shipTo.address.state",
      "destinationCity": "shipTo.address.city",
      "destinationStreetAddressOne": "shipTo.address.streetAddressOne",
      "destinationStreetAddressTwo": "shipTo.address.streetAddressTwo",
      "destinationStreetAddressThree": "shipTo.address.streetAddressThree",
      "destinationPostalCode": "shipTo.address.postalCode",
      "destinationLatitude": "shipTo.address.geographicalCoordinates.latitude",
      "destinationLongitude": "shipTo.address.geographicalCoordinates.longitude",
      "destinationEmail": "shipTo.primaryContact.email",
      "destinationTelefax": "shipTo.primaryContact.fax",
      "destinationTelephone": "shipTo.primaryContact.phone",
      "destinationWebsite": "shipTo.primaryContact.webSite",
      "destinationContactName": "shipTo.primaryContact.personName",
      "destinationCompanyName": "shipTo.primaryContact.companyName",
      "dispatchBeginDateTime": "requestedDeliveryDateRange.beginDateTime",
      "dispatchEndDateTime": "requestedDeliveryDateRange.endDateTime",
      "plannedBeginDateTime": "requestedShipDateRange.beginDateTime",
      "plannedEndDateTime": "requestedShipDateRange.endDateTime",
      "logisticUnits": {
        "*": {
          "logisticUnitName": "plannedLogisticUnit[&1].logisticUnitName",
          "declaredValue": "plannedLogisticUnit[&1].declaredValue.value",
          "commodityId": "plannedLogisticUnit[&1].commodityType",
          "ladenLength": "plannedLogisticUnit[&1].totalGrossDimensions.ladenLength",
          "length": "plannedLogisticUnit[&1].totalGrossDimensions.depth",
          "width": "plannedLogisticUnit[&1].totalGrossDimensions.width",
          "height": "plannedLogisticUnit[&1].totalGrossDimensions.height",
          "quantity": "plannedLogisticUnit[&1].quantity",
          "quantityUom": "plannedLogisticUnit[&1].quantityUom",
          "totalGrossWeight": "plannedLogisticUnit[&1].totalGrossWeight"
        }
      }
    }
  },
  {
    "operation": "default",
    "spec": {
      "shipmentLine": [],
      "stop": [
        {
          "actionCode": "ADD",
          "stopSequenceNumber": 0,
          "stopLocationName": "",
          "stopOperationTypeCode": "",
          "stopStatusCode": "OPEN"
        },
        {
          "actionCode": "ADD",
          "stopSequenceNumber": 0,
          "stopLocationName": "",
          "stopOperationTypeCode": "",
          "stopStatusCode": "OPEN"
        }
      ],
      "shipmentLeg": [
        {
          "actionCode": "ADD",
          "shipmentLegId": "",
          "totalLegDistance": 0,
          "distanceUom": "SMI",
          "legStatus": "OPEN"
        }
      ],
      "documentActionCode": "ADD",
      "transportationStatusCode": "OPEN"
    }
  },
  {
    "operation": "modify-overwrite-beta",
    "spec": {
      "shipmentLeg": {
        "*": {
          "shipmentLegId": "@(3,legUUID)",
          "departureLocationId": "@(3,shipFrom.locationId)",
          "arrivalLocationId": "@(3,shipTo.locationId)"
        }
      },
      "stop": {
        "[0]": {
          "stopLocationId": "@(3,shipFrom.locationId)",
          "stopSequenceNumber": 1,
          "stopOperationTypeCode": "PICKUP",
          "stopLocationName": "ShipmentOrigin"
        },
        "[1]": {
          "stopLocationId": "@(3,shipTo.locationId)",
          "stopSequenceNumber": 2,
          "stopOperationTypeCode": "DROPOFF",
          "stopLocationName": "ShipmentDestination"
        }
      },
      "shipmentEvent": {
        "*": {
          "eventDateTime": "@(3,currentDateTime)"
        }
      }
    }
  },
  {
    "operation": "remove",
    "spec": {
      "legUUID": "",
      "currentDateTime": ""
    }
  }
]
