<?xml version="1.0"?>

<ruleset name="Execution ECommerce Ruleset"
         xmlns="http://pmd.sourceforge.net/ruleset/2.0.0"
         xmlns:xsi="http://www.w3.org/2001/XMLSchema-instance"
         xsi:schemaLocation="http://pmd.sourceforge.net/ruleset/2.0.0 https://pmd.sourceforge.io/ruleset_2_0_0.xsd">

    <description>
        Uses the stock errorprone PMD ruleset with some exclusions
    </description>

    <!-- https://pmd.github.io/pmd/pmd_rules_java.html#additional-rulesets -->
    <!-- https://github.com/pmd/pmd/tree/pmd_releases/6.8.0/pmd-java/src/main/resources/category/java -->
    <rule ref="category/java/errorprone.xml">
        <exclude name="BeanMembersShouldSerialize"/>
        <exclude name="DataflowAnomalyAnalysis"/>
        <exclude name="MissingSerialVersionUID"/>
    </rule>
    <rule ref="category/java/design.xml/CyclomaticComplexity">
        <properties>
            <property name="classReportLevel" value="40"/>
            <property name="methodReportLevel" value="10"/>
        </properties>
    </rule>
    <rule ref="category/java/errorprone.xml/AvoidLiteralsInIfCondition">
        <properties>
            <property name="ignoreMagicNumbers" value="-1,0,1"/>
        </properties>
    </rule>
</ruleset>